initialfilename,newfilename
3PoNeePoVideoDhanushShrutiAnirudh.mp3,000.mp3
96SongsThaabangaleSongLyricalVijaySethupathiTrishaGovindVasanthaC.PremKumar.mp3,001.mp3
96SongsTheLifeofRamVideoSongVijaySethupathiTrishaGovindVasanthaC.PremKumar.mp3,002.mp3
AaradhikeLyricalVideoSoubinShahirE4EntertainmentJohnpaulGeorge.mp3,003.mp3
AnuraghathinVelayilThattathinMarayathuVineethSreenivasanShaanRahman.mp3,004.mp3
AzhalinteAzhangalilNikhilMathew.mp3,005.mp3
BodyguardPerillaRaajyatheLyricOuseppachanDileepNayanthara.mp3,006.mp3
DaddyMummy.mp3,007.mp3
DesinguRajaAmmadiAmmadiSongImman.mp3,008.mp3
EnJeevan.mp3,009.mp3
EnnaiKonjam.mp3,010.mp3
EnnaiThalattaVaruvalaVideoSong4KOfficialHDRemasterVijayShaliniKadhalukkuMariyadhai.mp3,011.mp3
EnnavaleAdiEnnavaleMassTamilan.dev.mp3,012.mp3
EnteKhalbileClassmatesVineethSreenivasanAlexPaulVayalarSarathchandraVarma.mp3,013.mp3
EnthinuVeroruSooryodayamLyricalVideoSongMazhayethumMunpeMammoottySobhana.mp3,014.mp3
IdhuthaanaaVideoSongHDRomanticSongSaamyVikramTrisha.mp3,015.mp3
IndulekhaKanthurannu4KMalayalamVideoSongRemasteredOruVadakkanVeeragathaMammootty.mp3,016.mp3
JomonteSuviseshangalNokkiNokkiVideoSongDulquerSalmaanAnupamaParameshwaranOfficial.mp3,017.mp3
KaadhalEnKaviyeMassTamilan.dev.mp3,018.mp3
KaanaKuyileVideoSongBroDaddyMohanlalPrithvirajDeepakDevMeenaKalyani.mp3,019.mp3
KaathirunnuKaathirunnuLyricalVideoSongEnnuNinteMoideenPrithvirajSukumaranParvathy.mp3,020.mp3
KaatteKaatteVideoSongCelluloidMJayachandranRafeeqAhammedMalayalamFilmSongs.mp3,021.mp3
KadhalRojave.mp3,022.mp3
KangalEdhoMassTamilan.dev.mp3,023.mp3
KannalaneEnadhu.mp3,024.mp3
Kannamma.mp3,025.mp3
KannathilMuthamittalMaleFullVideoSong4KMadhavanKeerthanaARRahmanManiRatnam.mp3,026.mp3
KannilKannilLyricalVideoSitaRamamMalayalamDulquerMrunalVishalHanuRaghavapudi.mp3,027.mp3
KannilKannil.mp3,028.mp3
KatchiSera.mp3,029.mp3
KoEnnamoYeadhoVideoJiivaKarthikaHarris.mp3,030.mp3
M101Marannittumenthino.mp3,031.mp3
M102KarimizhiKuruviye.mp3,032.mp3
M103KeraNirakalaadum.mp3,033.mp3
M104ChanthuKudanjoru.mp3,034.mp3
M105NjanoruPattuPaadam.mp3,035.mp3
M106MuthumazhaKonjalPole.mp3,036.mp3
M107Palapoo.mp3,037.mp3
M108PichavachaNaal.mp3,038.mp3
M109KanninimaNeele.mp3,039.mp3
M110ThulliManjinullil.mp3,040.mp3
M111Poomuthole.mp3,041.mp3
M112Hemanthamen.mp3,042.mp3
M113MaheshintePrathikaaram.mp3,043.mp3
M114LAILAKAMEl.mp3,044.mp3
M115Puthumazhayayi.mp3,045.mp3
M116Asalayi.mp3,046.mp3
M117KannilVidarum.mp3,047.mp3
M118EePuzhayumSandhyakalum.mp3,048.mp3
M119NeeMukilo.mp3,049.mp3
M120MuthuchippiPoloru.mp3,050.mp3
M121EthuKariRaavilum.mp3,051.mp3
M122KannonduChollanu.mp3,052.mp3
M123ManikyaMalarayaPoovi.mp3,053.mp3
M124Parayuvaan.mp3,054.mp3
M125Mukilemukile.mp3,055.mp3
ManasellamMazhaiyeFullAudioSongSaguniSonuNigamSaindhavi.mp3,056.mp3
MangalyamEeswaran320Kbps.mp3,057.mp3
MaryanInnumKonjamNaeramVideoARRahmanDhanushSuperHitSong.mp3,058.mp3
MazhaPaadumOfficialVideoSongHDSundayHolidayAsifAliAparnaBalamurali.mp3,059.mp3
MazhakonduMathramVideoSongSpiritMohanlalRanjithVijayYesudasShahabasAman.mp3,060.mp3
MazhayeThoomazhayePattamPoleHaricharanMridulaWarrierMJayachandranSanthoshVarma.mp3,061.mp3
MukkathePenneOfficialVideoSongHDEnnuNinteMoideenPrithvirajParvathi.mp3,062.mp3
MunbeVaa.mp3,063.mp3
NaanGaaliMusicVideoGoodNightManikandanMeethaRaghunathSeanRoldanVinayakChandrasekaran.mp3,064.mp3
NeeHimamazhayayiVideoSongEdakkadBattalion06TovinoKailasMenonHarisankarNithyaMammen.mp3,065.mp3
NeeKobapattalNanumLyricalVideoVilluVijayNayantharaPrabhuDevaDSPAyngaran.mp3,066.mp3
NenjoduCherthuYuvvhOfficialHDFullSong.mp3,067.mp3
Nenjukkule.mp3,068.mp3
OruKalOruKannadiVideoSongSivaManasulaSakthiYuvanShankarRajaJiivaSunMusic.mp3,069.mp3
OruNaalilVideoSongPudhupettaiDhanushYuvanShankarRajaNaMuthukumarSelvaraghavan.mp3,070.mp3
OruNokkuKaanuvaanLyricalVideoSongSundayHolidayAsifAliSruthiRamachandran.mp3,071.mp3
PachchaiNirame.mp3,072.mp3
PaisaSongsNeethoEdoNaniCatherineTresa.mp3,073.mp3
PaiyaEnKadhalSollaTamilLyricYuvanshankarRajaKarthiTamannaah.mp3,074.mp3
PenneEnPenneAfsalShaliniSingh.mp3,075.mp3
PoomaramSongVideoFtKalidasJayaramPoomaramOfficialHD.mp3,076.mp3
PudhuVellaiMazhaiLyricalVideoSongRojaTamilSongsArvindswamyMadhuARRahman.mp3,077.mp3
PuthiyoruPathayilVarathanVideoSongFahadhFaasilAmalNeeradNazriyaNazimANPFFF.mp3,078.mp3
Rathamaarey.mp3,079.mp3
RowdyBabyMassTamilanorg.mp3,080.mp3
SnehithaneSnehithaneVideoSongAlaipayutheyTamilMovieMadhavanShaliniARRahman.mp3,081.mp3
SollamalThottuVideoSongDheenaTamilMovieSongsAjithLailaThalaAjithSongsYuvan.mp3,082.mp3
T101MalargalKaetten.mp3,083.mp3
T102YaroYarodi.mp3,084.mp3
T103SempoovePoove.mp3,085.mp3
T104KadhalKonden.mp3,086.mp3
T105ManmathaRaasa.mp3,087.mp3
T106Adiyekolluthey.mp3,088.mp3
T107KangalNeeye.mp3,089.mp3
T108PookkalPookkum.mp3,090.mp3
T109Snehithudaa.mp3,091.mp3
T110KanavaeKanavae.mp3,092.mp3
T111IragaiPoley.mp3,093.mp3
T112Enthaaraa.mp3,094.mp3
T113EngeyumKaadhal.mp3,095.mp3
T114ThalliPogathey.mp3,096.mp3
T115Nenjikkulpeythidum.mp3,097.mp3
T116Kannazhaga.mp3,098.mp3
T117VenpaniMalare.mp3,099.mp3
T118Veppam.mp3,100.mp3
T119AnbeEnAnbe.mp3,101.mp3
T120Idayam.mp3,102.mp3
T121YennaiMaatrum.mp3,103.mp3
T122OhOh.mp3,104.mp3
T123EnnoduNeeIrundhaal.mp3,105.mp3
T124Neethane.mp3,106.mp3
T125MudhalMurai.mp3,107.mp3
Thangame.mp3,108.mp3
ThodaThodaMalardhadhennaArvindSwamyAnuHaasanSPBHitsIndiraSuperHitRomanticSong.mp3,109.mp3
UnPeraiSollumPothe4KVideoSongAngadiTheruMageshAnjali.mp3,110.mp3
UnSiripinilHDVideoSongPachaikiliMuthucharamSarathKumarHarrisJayarajAyngaran.mp3,111.mp3
UnPaerSolla.mp3,112.mp3
UnnaleUnnaleVideoSongVinaySadhaJeevaHarrisJayarajAyngaran.mp3,113.mp3
VaadaVaada.mp3,114.mp3
VaathilMelleNeram.mp3,115.mp3
Vaseegara.mp3,116.mp3
VathililLyricalVideoUstadHotelHaricharanGopiSunderAnwarRasheed.mp3,117.mp3
YedhoOndruEnnai.mp3,118.mp3
vaanamvasapada128ytshortssavetubeme.mp3,119.mp3
ഒരമഴതരയടOruMezhuthiriyudeVishudhanKunchakoBobbanMiyaMalayalamFilmSong.mp3,120.mp3